quiz_id,lock_ip,user_id,lock_type,lock_date
1,0,1,2,1653726541
1,0,37,2,1653726640
1,0,57,2,1653726849
1,0,58,2,1653727816
1,0,59,2,1653739310
1,0,60,2,1653795797
1,0,61,2,1653798109
1,0,62,2,1653798402
1,0,63,2,1653798662
1,0,77,2,1653824407
1,0,80,2,1653828011
1,0,81,2,1653833296
1,0,82,2,1653885861
1,0,84,2,1653916033
1,0,85,2,1654056300
1,0,86,2,1654062041
1,0,97,2,1656215038
1,0,98,2,1656221394
1,0,99,2,1656321444
1,0,100,2,1656407119
1,0,101,2,1656418581
1,0,103,2,1656837539
1,0,104,2,1656848518
1,0,105,2,1656913502
1,0,106,2,1657096972
1,0,107,2,1657106054
1,0,108,2,1657112281
1,0,109,2,1657118158
1,0,110,2,1657125181
1,0,112,2,1657532120
1,0,113,2,1657538269
1,0,114,2,1657541325
1,0,115,2,1657542070
1,0,116,2,1657604286
1,0,118,2,1657608743
1,0,119,2,1657607886
1,0,120,2,1657610292
1,0,121,2,1657614132
1,0,123,2,1657621464
1,0,124,2,1657624269
1,0,126,2,1657625296
1,0,128,2,1657626449
1,0,130,2,1657695840
1,0,132,2,1657710344
1,0,133,2,1657967300
1,0,134,2,1657973854
1,0,135,2,1658036147
1,0,136,2,1658038081
1,0,138,2,1658045253
1,0,139,2,1658051428
1,0,140,2,1658054955
1,0,141,2,1658061756
1,0,142,2,1658293167
1,0,144,2,1658305521
1,0,145,2,1658653896
1,0,146,2,1658658751
1,0,156,2,1658737455
1,0,157,2,1658744251
1,0,158,2,1658754790
1,0,159,2,1658756376
1,0,160,2,1658808438
1,0,161,2,1658817997
1,0,162,2,1658826483
1,0,163,2,1658831584
1,0,164,2,1658851860
1,0,166,2,1659271888
1,0,167,2,1659343359
1,0,169,2,1659413343
1,0,171,2,1659426904
1,0,172,2,1659436958
1,0,173,2,1660048037
1,0,174,2,1660104734
1,0,177,2,1660127687
1,0,178,2,1660132971
1,0,179,2,1660200252
1,0,180,2,1660369276
1,0,181,2,1660380577
1,0,182,2,1660396186
1,0,184,2,1660643992
1,0,185,2,1660654663
1,0,186,2,1660709787
1,0,187,2,1660717011
1,0,188,2,1660724333
1,0,189,2,1661336818
1,0,190,2,1661575896
1,0,191,2,1661584282
1,0,192,2,1661590912
1,0,194,2,1661660809
1,0,195,2,1661677730
1,0,197,2,1661755326
1,0,198,2,1661833407
1,0,199,2,1661843268
1,0,200,2,1661850882
1,0,201,2,1661854600
1,0,204,2,1662898295
1,0,205,2,1662958039
1,0,207,2,1662974239
1,0,208,2,1662980941
1,0,209,2,1662985203
1,0,210,2,1663043742
1,0,212,2,1663059483
1,0,214,2,1663057098
1,0,215,2,1663066714
1,0,216,2,1663073010
1,0,217,2,1663141239
1,0,223,2,1663657781
1,0,224,2,1663676675
1,0,225,2,1664355657
1,0,226,2,1664705205
1,0,227,2,1664782675
1,0,229,2,1664866286
1,0,230,2,1665293364
1,0,231,2,1665322257
1,0,233,2,1668537565
1,0,235,2,1669540347
1,0,236,2,1669544595
1,0,238,2,1669551884
1,0,239,2,1669556701
1,0,246,2,1669630938
1,0,247,2,1669634003
1,0,248,2,1669633692
1,0,249,2,1669640454
1,0,250,2,1669642492
1,0,251,2,1669706707
1,0,253,2,1669715582
1,0,254,2,1669717564
1,0,255,2,1669745983
1,0,256,2,1669787905
1,0,257,2,1669789619
1,0,258,2,1669798195
1,0,260,2,1669804581
1,0,261,2,1669872793
1,0,263,2,1670063061
1,0,264,2,1670067164
1,0,265,2,1671345279
1,0,266,2,1671360922
1,0,270,2,1671693921
1,0,271,2,1671949006
1,0,272,2,1671952448
1,0,274,2,1671961317
1,0,275,2,1671965517
1,0,276,2,1671975801
1,0,277,2,1672040468
1,0,280,2,1672043624
1,0,281,2,1672055192
1,0,282,2,1672221071
1,0,283,2,1672491551
1,0,287,2,1672906870
1,0,288,2,1673072943
1,0,289,2,1673080096
1,0,290,2,1673258683
1,0,291,2,1673259105
1,0,292,2,1673266698
1,0,293,2,1673356822
1,0,296,2,1673513650
1,0,297,2,1673697550
1,0,300,2,1673876813
1,0,304,2,1675060959
1,0,305,2,1675061223
1,0,306,2,1675063180
1,0,307,2,1675063851
1,0,308,2,1675064407
1,0,309,2,1675065282
1,0,310,2,1675066861
1,0,311,2,1675067374
1,0,312,2,1675072708
1,0,313,2,1675073117
1,0,314,2,1675075585
1,0,322,2,1675232012
1,0,330,2,1675685035
1,0,331,2,1675750248
1,0,332,2,1675754939
1,0,333,2,1675759388
1,0,334,2,1675849632
1,0,338,2,1675927133
1,0,340,2,1676206463
1,0,343,2,1677306696
1,0,344,2,1680674718
1,0,345,2,1680701430
1,0,347,2,1680957596
1,0,348,2,1681031349
1,0,349,2,1681035048
1,0,350,2,1681197678
1,0,351,2,1681536370
1,0,353,2,1681575363
1,0,355,2,1681630181
1,0,356,2,1681632014
1,0,357,2,1681637632
1,0,358,2,1681640070
1,0,359,2,1682750221
1,0,360,2,1682768897
1,0,362,2,1682835385
1,0,363,2,1682841404
1,0,364,2,1682845231
1,0,365,2,1682853397
1,0,366,2,1682864734
1,0,367,2,1683005210
1,0,368,2,1683033930
1,0,369,2,1683099825
1,0,370,2,1683105342
1,0,371,2,1683102731
1,0,373,2,1683104229
1,0,374,2,1683106861
1,0,375,2,1683109168
1,0,376,2,1683116934
1,0,377,2,1683117298
1,0,379,2,1683354848
1,0,380,2,1683375056
1,0,381,2,1683379190
1,0,382,2,1683525839
1,0,383,2,1683533679
1,0,384,2,1683540985
1,0,385,2,1683549516
1,0,387,2,1683700753
1,0,388,2,1683709624
1,0,390,2,1684050860
1,0,391,2,1684056504
1,0,392,2,1684324586
1,0,393,2,1684330280
1,0,394,2,1684332575
1,0,395,2,1684330549
1,0,396,2,1684331661
1,0,397,2,1684396446
1,0,398,2,1684571134
1,0,399,2,1684582590
1,0,400,2,1684585714
1,0,402,2,1685432101
1,0,403,2,1685449363
1,0,406,2,1686039844
1,0,407,2,1686040517
1,0,408,2,1686044725
1,0,409,2,1686046510
1,0,411,2,1686124623
1,0,413,2,1686988908
1,0,414,2,1686992968
1,0,415,2,1687074342
1,0,416,2,1687078229
1,0,417,2,1687258611
1,0,418,2,1687419894
1,0,422,2,1687958972
1,0,426,2,1688548995
1,0,428,2,1688630628
1,0,431,2,1688823484
1,0,432,2,1688887391
1,0,433,2,1688891473
1,0,436,2,1689424869
1,0,437,2,1689485402
1,0,440,2,1689841165
1,0,441,2,1690113315
1,0,442,2,1690178746
1,0,444,2,1690634196
1,0,445,2,1690800008
1,0,446,2,1691394594
1,0,447,2,1691402854
1,0,448,2,1691402795
1,0,450,2,1691479360
1,0,453,2,1692175530
1,0,454,2,1692193363
1,0,455,2,1692195416
1,0,457,2,1692272326
1,0,458,2,1692279940
1,0,459,2,1692527785
1,0,460,2,1692529843
1,0,461,2,1692538467
1,0,462,2,1692619065
1,0,463,2,1692627229
1,0,464,2,1692624502
1,0,466,2,1692627181
1,0,467,2,1692635312
1,0,468,2,1692695691
1,0,469,2,1692694952
1,0,472,2,1692711478
1,0,473,2,1692776844
1,0,474,2,1692795221
1,0,475,2,1693066388
1,0,476,2,1693137458
1,0,477,2,1693211018
1,0,478,2,1693412288
1,0,479,2,1693813882
1,0,480,2,1693904779
1,0,482,2,1694247610
1,0,483,2,1694346112
1,0,484,2,1694427667
1,0,485,2,1694525957
1,0,486,2,1694530397
1,0,488,2,1694613217
1,0,489,2,1694968133
1,0,490,2,1694973831
1,0,492,2,1695134572
1,0,493,2,1695134882
1,0,494,2,1695139517
1,0,495,2,1695195005
1,0,496,2,1695640955
1,0,497,2,1695646125
1,0,498,2,1696068650
1,0,499,2,1696084669
1,0,503,2,1696424494
1,0,504,2,1696501132
1,0,505,2,1696665869
1,0,507,2,1696765106
1,0,508,2,1696764834
1,0,509,2,1696771694
1,0,510,2,1696833168
1,0,513,2,1696938979
1,0,514,2,1697010729
1,0,515,2,1697289297
1,0,516,2,1697299315
1,0,517,2,1697346804
1,0,518,2,1697357345
1,0,519,2,1697375625
1,0,520,2,1697380267
1,0,522,2,1701008479
1,0,524,2,1701610036
1,0,526,2,1701611689
1,0,527,2,1701625051
1,0,528,2,1701681166
1,0,529,2,1702322460
1,0,530,2,1702376273
1,0,531,2,1702379191
1,0,533,2,1702384388
1,0,537,2,1702485933
1,0,539,2,1702906108
1,0,540,2,1702912725
1,0,542,2,1702998361
1,0,545,2,1703102037
1,0,548,2,1703516213
1,0,549,2,1703938742
1,0,552,2,1704638493
1,0,558,2,1706428620
1,0,561,2,1707834936
1,0,567,2,1708937472
1,0,568,2,1708961210
1,0,570,2,1709053664
1,0,572,2,1709535424
1,0,576,2,1714923211
1,0,578,2,1714926118
1,0,579,2,1715007862
1,0,580,2,1715017673
1,0,581,2,1715083209
1,0,582,2,1716037858
1,0,583,2,1716038113
1,0,584,2,1716054399
1,0,588,2,1716654430
1,0,589,2,1716660166
1,0,594,2,1716728836
1,0,596,2,1717938477
1,0,597,2,1717946144
1,0,599,2,1718088711
1,0,600,2,1718088136
1,0,601,2,1718092643
1,0,602,2,1718105365
1,0,604,2,1718118301
1,0,605,2,1718170991
1,0,609,2,1719674346
1,0,610,2,1719666393
1,0,611,2,1719672954
1,0,615,2,1719830195
1,0,620,2,1724169748
1,0,625,2,1725189611
1,0,627,2,1725195899
1,0,631,2,1727096986
1,0,632,2,1727097908
1,0,633,2,1727110162
1,0,635,2,1727179302
1,0,637,2,1727189561
1,0,638,2,1727285282
1,0,639,2,1727286677
1,0,640,2,1727343486
1,0,642,2,1727629700
1,0,643,2,1727877974
1,0,645,2,1728135387
1,0,646,2,1728213631
1,0,648,2,1728490514
1,0,650,2,1728826063
1,0,652,2,1728900798
1,0,653,2,1728908574
1,0,654,2,1729005959
1,0,655,2,1729677916
1,0,656,2,1729678946
1,0,657,2,1729691343
1,0,658,1,1730190678
1,0,658,2,1730190678
1,0,659,1,1730208500
1,0,659,2,1730208500
2,0,1,2,1653802007
2,0,37,2,1653823258
2,0,73,2,1653821334
2,0,74,2,1653822329
2,0,75,2,1653823363
2,0,76,2,1653823530
2,0,77,2,1653824686
2,0,80,2,1653828148
2,0,81,2,1653832926
2,0,82,2,1653885817
2,0,83,2,1653915698
2,0,84,2,1653915903
2,0,86,2,1654069482
2,0,90,2,1654576859
2,0,92,2,1654582885
2,0,97,2,1656214987
2,0,98,2,1656220515
2,0,99,2,1656320742
2,0,100,2,1656405871
2,0,101,2,1656417091
2,0,103,2,1656836638
2,0,104,2,1656847286
2,0,105,2,1656913475
2,0,106,2,1657095919
2,0,107,2,1657104827
2,0,108,2,1657111237
2,0,109,2,1657117306
2,0,110,2,1657124721
2,0,112,2,1657531246
2,0,113,2,1657536545
2,0,114,2,1657540861
2,0,115,2,1657540383
2,0,116,2,1657603317
2,0,117,2,1657605273
2,0,118,2,1657607694
2,0,119,2,1657607487
2,0,120,2,1657609117
2,0,121,2,1657613618
2,0,123,2,1657620973
2,0,124,2,1657622458
2,0,126,2,1657624773
2,0,128,2,1657626401
2,0,130,2,1657695559
2,0,132,2,1657709327
2,0,133,2,1657966716
2,0,134,2,1657973558
2,0,135,2,1658035547
2,0,136,2,1658037725
2,0,137,2,1658037211
2,0,138,2,1658045020
2,0,139,2,1658051897
2,0,140,2,1658053869
2,0,141,2,1658061090
2,0,142,2,1658291732
2,0,144,2,1658304952
2,0,145,2,1658652573
2,0,146,2,1658658138
2,0,156,2,1658736824
2,0,157,2,1658743604
2,0,158,2,1658753562
2,0,160,2,1658807529
2,0,161,2,1658816985
2,0,162,2,1658825235
2,0,163,2,1658830591
2,0,164,2,1658850742
2,0,166,2,1659271038
2,0,167,2,1659342780
2,0,168,2,1659357623
2,0,169,2,1659412848
2,0,171,2,1659426705
2,0,172,2,1659436331
2,0,173,2,1660047185
2,0,174,2,1660104399
2,0,177,2,1660126773
2,0,178,2,1660133295
2,0,179,2,1660198914
2,0,180,2,1660368848
2,0,181,2,1660379344
2,0,182,2,1660394407
2,0,184,2,1660643956
2,0,185,2,1660653377
2,0,186,2,1660709094
2,0,187,2,1660716811
2,0,188,2,1660723771
2,0,189,2,1661336248
2,0,190,2,1661574604
2,0,191,2,1661583523
2,0,192,2,1661590383
2,0,194,2,1661659887
2,0,195,2,1661676004
2,0,197,2,1661754666
2,0,198,2,1661832083
2,0,199,2,1661841506
2,0,200,2,1661849491
2,0,201,2,1661854304
2,0,204,2,1662898651
2,0,205,2,1662957508
2,0,207,2,1662972957
2,0,208,2,1662979321
2,0,209,2,1662984776
2,0,210,2,1663043286
2,0,212,2,1663058031
2,0,214,2,1663057079
2,0,215,2,1663066159
2,0,216,2,1663071990
2,0,217,2,1663140881
2,0,219,2,1663146306
2,0,223,2,1663657540
2,0,225,2,1664355358
2,0,226,2,1664704168
2,0,227,2,1664781442
2,0,229,2,1664865135
2,0,230,2,1665292838
2,0,231,2,1665322214
2,0,235,2,1669540099
2,0,236,2,1669543972
2,0,237,2,1669549856
2,0,239,2,1669556004
2,0,246,2,1669629247
2,0,247,2,1669632305
2,0,248,2,1669633475
2,0,249,2,1669639001
2,0,251,2,1669704812
2,0,253,2,1669714812
2,0,254,2,1669717131
2,0,255,2,1669745655
2,0,256,2,1669787627
2,0,258,2,1669797153
2,0,259,2,1669803475
2,0,261,2,1669872571
2,0,262,2,1670048596
2,0,264,2,1670066856
2,0,265,2,1671344678
2,0,266,2,1671359476
2,0,267,2,1671367708
2,0,270,2,1671692158
2,0,271,2,1671948733
2,0,272,2,1671952189
2,0,274,2,1671960318
2,0,275,2,1671963722
2,0,277,2,1672039982
2,0,280,2,1672043364
2,0,281,2,1672054385
2,0,283,2,1672489828
2,0,285,2,1672637193
2,0,287,2,1672905363
2,0,288,2,1673072365
2,0,289,2,1673078262
2,0,290,2,1673258386
2,0,291,2,1673258649
2,0,292,2,1673264867
2,0,293,2,1673356365
2,0,296,2,1673511535
2,0,297,2,1673700417
2,0,300,2,1673878787
2,0,330,2,1675684965
2,0,331,2,1675749865
2,0,332,2,1675753654
2,0,333,2,1675758410
2,0,336,2,1675857464
2,0,337,2,1675858230
2,0,338,2,1675926662
2,0,340,2,1676205149
2,0,343,2,1677308482
2,0,344,2,1680674417
2,0,345,2,1680703264
2,0,347,2,1680957892
2,0,348,2,1681029649
2,0,349,2,1681033986
2,0,350,2,1681195873
2,0,352,2,1681554528
2,0,353,2,1681574057
2,0,355,2,1681629697
2,0,356,2,1681631631
2,0,357,2,1681637532
2,0,358,2,1681639714
2,0,359,2,1682749572
2,0,360,2,1682768219
2,0,362,2,1682834855
2,0,363,2,1682840705
2,0,364,2,1682844403
2,0,365,2,1682852773
2,0,366,2,1682863194
2,0,367,2,1683005933
2,0,368,2,1683037609
2,0,369,2,1683098995
2,0,370,2,1683103565
2,0,371,2,1683102319
2,0,373,2,1683103867
2,0,374,2,1683105885
2,0,375,2,1683109202
2,0,376,2,1683117676
2,0,379,2,1683354360
2,0,380,2,1683374765
2,0,381,2,1683378204
2,0,382,2,1683525421
2,0,383,2,1683533338
2,0,385,2,1683548692
2,0,387,2,1683700418
2,0,388,2,1683707820
2,0,390,2,1684049044
2,0,391,2,1684055635
2,0,392,2,1684323304
2,0,393,2,1684329088
2,0,394,2,1684331123
2,0,395,2,1684329743
2,0,396,2,1684330654
2,0,397,2,1684397391
2,0,398,2,1684570652
2,0,399,2,1684583978
2,0,400,2,1684585064
2,0,402,2,1685431078
2,0,403,2,1685447772
2,0,404,2,1685508988
2,0,406,2,1686038557
2,0,407,2,1686039616
2,0,408,2,1686044084
2,0,409,2,1686046367
2,0,410,2,1686048811
2,0,411,2,1686122770
2,0,412,2,1686566581
2,0,413,2,1686987778
2,0,414,2,1686992553
2,0,415,2,1687073829
2,0,416,2,1687076556
2,0,417,2,1687259945
2,0,418,2,1687419251
2,0,419,2,1687773443
2,0,420,2,1687875265
2,0,422,2,1687958794
2,0,426,2,1688547888
2,0,428,2,1688629265
2,0,431,2,1688822728
2,0,432,2,1688886304
2,0,433,2,1688890753
2,0,435,2,1689162559
2,0,436,2,1689424317
2,0,437,2,1689485211
2,0,440,2,1689839121
2,0,441,2,1690113124
2,0,442,2,1690178084
2,0,443,2,1690192737
2,0,444,2,1690633118
2,0,445,2,1690799323
2,0,446,2,1691394997
2,0,447,2,1691401042
2,0,448,2,1691402693
2,0,450,2,1691478857
2,0,453,2,1692174403
2,0,454,2,1692192891
2,0,455,2,1692195136
2,0,457,2,1692271638
2,0,458,2,1692281560
2,0,459,2,1692528518
2,0,460,2,1692529384
2,0,463,2,1692625434
2,0,464,2,1692623995
2,0,465,2,1692623637
2,0,466,2,1692626626
2,0,467,2,1692634828
2,0,468,2,1692695730
2,0,469,2,1692694640
2,0,471,2,1692709450
2,0,472,2,1692710242
2,0,474,2,1692795136
2,0,475,2,1693065327
2,0,476,2,1693137316
2,0,477,2,1693210723
2,0,478,2,1693411820
2,0,479,2,1693815137
2,0,480,2,1693903191
2,0,481,2,1693912633
2,0,482,2,1694247234
2,0,483,2,1694344909
2,0,484,2,1694426679
2,0,485,2,1694524895
2,0,486,2,1694530378
2,0,488,2,1694612290
2,0,489,2,1694967231
2,0,490,2,1694973051
2,0,491,2,1695103481
2,0,492,2,1695133988
2,0,493,2,1695135493
2,0,494,2,1695139150
2,0,495,2,1695194379
2,0,496,2,1695640506
2,0,497,2,1695645719
2,0,498,2,1696068348
2,0,499,2,1696084003
2,0,500,2,1696166804
2,0,501,2,1696405153
2,0,503,2,1696424205
2,0,504,2,1696499838
2,0,505,2,1696665660
2,0,507,2,1696764069
2,0,508,2,1696764165
2,0,509,2,1696770884
2,0,510,2,1696832353
2,0,511,2,1696919921
2,0,513,2,1696938861
2,0,514,2,1697009551
2,0,515,2,1697288062
2,0,516,2,1697299085
2,0,517,2,1697346329
2,0,519,2,1697375166
2,0,520,2,1697379620
2,0,523,2,1701090975
2,0,524,2,1701609033
2,0,526,2,1701612620
2,0,527,2,1701624285
2,0,528,2,1701679773
2,0,529,2,1702321886
2,0,530,2,1702374866
2,0,531,2,1702378178
2,0,533,2,1702383724
2,0,537,2,1702485088
2,0,539,2,1702905404
2,0,540,2,1702911696
2,0,542,2,1702997014
2,0,543,2,1703058869
2,0,545,2,1703101832
2,0,546,2,1703346696
2,0,547,2,1703406562
2,0,549,2,1703938513
2,0,550,2,1703943505
2,0,551,2,1703958243
2,0,552,2,1704637706
2,0,553,2,1704712360
2,0,554,2,1704727873
2,0,556,2,1704966951
2,0,558,2,1706428573
2,0,566,2,1708330988
2,0,568,2,1708959523
2,0,579,2,1715006728
2,0,581,2,1715081394
2,0,582,2,1716036984
2,0,583,2,1716038874
2,0,584,2,1716051149
2,0,588,2,1716653774
2,0,589,2,1716658397
2,0,594,2,1716727138
2,0,596,2,1717938300
2,0,597,2,1717945581
2,0,599,2,1718087278
2,0,600,2,1718087466
2,0,601,2,1718092452
2,0,602,2,1718104247
2,0,604,2,1718117840
2,0,605,2,1718170329
2,0,608,2,1718185753
2,0,609,2,1719670573
2,0,610,2,1719666065
2,0,611,2,1719671947
2,0,612,2,1719732327
2,0,613,2,1719811749
2,0,619,2,1723916807
2,0,620,2,1724173259
2,0,627,2,1725195083
2,0,631,2,1727097249
2,0,633,2,1727112048
2,0,638,2,1727285587
2,0,643,2,1727876805
2,0,645,2,1728134765
2,0,654,2,1729005663
2,0,655,2,1729676283
2,0,656,2,1729679148
2,0,657,2,1729690377
2,0,658,1,1730190245
2,0,658,2,1730190245
2,0,659,1,1730206689
2,0,659,2,1730206689
3,0,1,2,1653739696
3,0,37,2,1653812070
3,0,70,2,1653817013
3,0,71,2,1653817207
3,0,72,2,1653817637
3,0,79,2,1653827542
3,0,80,2,1653828113
3,0,82,2,1653886165
3,0,84,2,1653915969
3,0,85,2,1654056048
3,0,86,2,1654069122
3,0,90,2,1654576826
3,0,92,2,1654582850
3,0,94,2,1654670592
3,0,96,2,1654687134
3,0,97,2,1656214915
3,0,98,2,1656220302
3,0,99,2,1656320323
3,0,100,2,1656405528
3,0,101,2,1656415525
3,0,103,2,1656835216
3,0,104,2,1656846896
3,0,105,2,1656913446
3,0,106,2,1657095191
3,0,107,2,1657103200
3,0,108,2,1657109530
3,0,109,2,1657117158
3,0,110,2,1657124084
3,0,112,2,1657530299
3,0,113,2,1657535111
3,0,114,2,1657539795
3,0,115,2,1657540236
3,0,116,2,1657602246
3,0,117,2,1657604819
3,0,118,2,1657606781
3,0,119,2,1657607437
3,0,120,2,1657608167
3,0,121,2,1657613370
3,0,124,2,1657621534
3,0,126,2,1657624158
3,0,128,2,1657626365
3,0,130,2,1657695393
3,0,132,2,1657708593
3,0,133,2,1657966450
3,0,134,2,1657973516
3,0,135,2,1658034968
3,0,136,2,1658037411
3,0,137,2,1658037000
3,0,138,2,1658045466
3,0,139,2,1658049834
3,0,140,2,1658053182
3,0,141,2,1658060160
3,0,142,2,1658289920
3,0,144,2,1658304138
3,0,145,2,1658652213
3,0,146,2,1658657874
3,0,152,2,1658666219
3,0,153,2,1658721628
3,0,154,2,1658729560
3,0,155,2,1658733755
3,0,157,2,1658743249
3,0,158,2,1658752229
3,0,159,2,1658755738
3,0,160,2,1658807180
3,0,161,2,1658816427
3,0,162,2,1658823683
3,0,163,2,1658830161
3,0,164,2,1658841747
3,0,166,2,1659270412
3,0,167,2,1659342414
3,0,168,2,1659356880
3,0,169,2,1659412477
3,0,170,2,1659424794
3,0,171,2,1659426552
3,0,172,2,1659435137
3,0,173,2,1660045980
3,0,174,2,1660104081
3,0,176,2,1660117748
3,0,177,2,1660126177
3,0,178,2,1660132474
3,0,179,2,1660197993
3,0,180,2,1660368554
3,0,181,2,1660378274
3,0,182,2,1660393718
3,0,183,2,1660640015
3,0,184,2,1660643838
3,0,185,2,1660652642
3,0,186,2,1660708408
3,0,187,2,1660716540
3,0,188,2,1660723416
3,0,189,2,1661335834
3,0,190,2,1661573288
3,0,191,2,1661582044
3,0,192,2,1661589546
3,0,194,2,1661658983
3,0,195,2,1661674732
3,0,197,2,1661754316
3,0,198,2,1661834750
3,0,199,2,1661840043
3,0,200,2,1661847998
3,0,201,2,1661853965
3,0,202,2,1662380904
3,0,204,2,1662898884
3,0,205,2,1662956846
3,0,207,2,1662970514
3,0,208,2,1662977796
3,0,209,2,1662984345
3,0,210,2,1663042281
3,0,212,2,1663057169
3,0,215,2,1663065712
3,0,216,2,1663071202
3,0,217,2,1663139156
3,0,223,2,1663657370
3,0,224,2,1663675645
3,0,225,2,1664355122
3,0,226,2,1664703159
3,0,227,2,1664780065
3,0,228,2,1664791890
3,0,229,2,1664864656
3,0,230,2,1665292506
3,0,231,2,1665322186
3,0,233,2,1668536291
3,0,235,2,1669539882
3,0,236,2,1669543642
3,0,239,2,1669554855
3,0,240,2,1669552268
3,0,241,2,1669555845
3,0,243,2,1669615457
3,0,246,2,1669627557
3,0,247,2,1669630832
3,0,248,2,1669633246
3,0,249,2,1669637382
3,0,250,2,1669641597
3,0,251,2,1669704306
3,0,252,2,1669708138
3,0,253,2,1669713651
3,0,254,2,1669716590
3,0,255,2,1669745044
3,0,256,2,1669787507
3,0,257,2,1669788966
3,0,258,2,1669796135
3,0,259,2,1669803014
3,0,261,2,1669871846
3,0,262,2,1670047937
3,0,263,2,1670061969
3,0,264,2,1670066343
3,0,265,2,1671344279
3,0,266,2,1671358701
3,0,271,2,1671948448
3,0,272,2,1671951886
3,0,274,2,1671960035
3,0,275,2,1671963092
3,0,276,2,1671975273
3,0,277,2,1672038583
3,0,280,2,1672043184
3,0,281,2,1672053735
3,0,282,2,1672218986
3,0,285,2,1672636641
3,0,286,2,1672899529
3,0,288,2,1673071873
3,0,289,2,1673076507
3,0,290,2,1673256788
3,0,291,2,1673258376
3,0,292,2,1673263889
3,0,293,2,1673356167
3,0,296,2,1673510783
3,0,297,2,1673695134
3,0,300,2,1673875963
3,0,329,2,1675603852
3,0,330,2,1675684748
3,0,331,2,1675749543
3,0,332,2,1675753083
3,0,333,2,1675757928
3,0,338,2,1675926399
3,0,340,2,1676204476
3,0,343,2,1677306408
3,0,344,2,1680674069
3,0,345,2,1680699934
3,0,347,2,1680958133
3,0,348,2,1681028347
3,0,349,2,1681033146
3,0,350,2,1681194833
3,0,352,2,1681552716
3,0,353,2,1681572289
3,0,355,2,1681629129
3,0,356,2,1681631509
3,0,357,2,1681636907
3,0,358,2,1681639289
3,0,359,2,1682748909
3,0,360,2,1682767865
3,0,361,2,1682769760
3,0,362,2,1682834628
3,0,363,2,1682839310
3,0,364,2,1682844048
3,0,365,2,1682852353
3,0,366,2,1682862408
3,0,367,2,1683004713
3,0,368,2,1683032970
3,0,369,2,1683098646
3,0,370,2,1683102563
3,0,371,2,1683102069
3,0,373,2,1683103598
3,0,374,2,1683104753
3,0,375,2,1683108836
3,0,376,2,1683115630
3,0,377,2,1683116817
3,0,380,2,1683373955
3,0,381,2,1683376919
3,0,382,2,1683525039
3,0,383,2,1683532988
3,0,385,2,1683548232
3,0,387,2,1683700182
3,0,388,2,1683706683
3,0,389,2,1683723123
3,0,390,2,1684048090
3,0,391,2,1684055262
3,0,392,2,1684322554
3,0,393,2,1684328564
3,0,394,2,1684329336
3,0,395,2,1684329419
3,0,397,2,1684395482
3,0,398,2,1684570270
3,0,399,2,1684581775
3,0,400,2,1684584782
3,0,401,2,1685430916
3,0,403,2,1685446095
3,0,404,2,1685508533
3,0,406,2,1686037059
3,0,407,2,1686038736
3,0,408,2,1686043418
3,0,409,2,1686046268
3,0,410,2,1686048601
3,0,411,2,1686122147
3,0,413,2,1686986274
3,0,414,2,1686992307
3,0,415,2,1687073156
3,0,416,2,1687074914
3,0,417,2,1687258321
3,0,418,2,1687418320
3,0,419,2,1687773228
3,0,420,2,1687873338
3,0,422,2,1687958667
3,0,426,2,1688547312
3,0,428,2,1688628684
3,0,431,2,1688821058
3,0,432,2,1688885865
3,0,433,2,1688890402
3,0,436,2,1689424098
3,0,437,2,1689485079
3,0,440,2,1689837993
3,0,441,2,1690112983
3,0,442,2,1690177721
3,0,443,2,1690192468
3,0,444,2,1690632784
3,0,445,2,1690798300
3,0,446,2,1691394062
3,0,447,2,1691399930
3,0,448,2,1691402503
3,0,453,2,1692173850
3,0,454,2,1692192503
3,0,455,2,1692194938
3,0,457,2,1692270965
3,0,458,2,1692278528
3,0,459,2,1692526750
3,0,460,2,1692529116
3,0,461,2,1692537927
3,0,462,2,1692618807
3,0,463,2,1692623778
3,0,464,2,1692623593
3,0,466,2,1692626018
3,0,467,2,1692634563
3,0,468,2,1692695186
3,0,469,2,1692694497
3,0,471,2,1692709111
3,0,472,2,1692709624
3,0,474,2,1692794612
3,0,475,2,1693064022
3,0,476,2,1693137097
3,0,477,2,1693209560
3,0,478,2,1693411580
3,0,479,2,1693812259
3,0,480,2,1693901525
3,0,481,2,1693912321
3,0,482,2,1694246941
3,0,483,2,1694344313
3,0,484,2,1694426257
3,0,485,2,1694524451
3,0,486,2,1694530243
3,0,488,2,1694611357
3,0,489,2,1694966652
3,0,490,2,1694972436
3,0,491,2,1695103172
3,0,492,2,1695133329
3,0,493,2,1695136182
3,0,494,2,1695138887
3,0,495,2,1695193548
3,0,496,2,1695640274
3,0,497,2,1695645075
3,0,498,2,1696068163
3,0,499,2,1696083542
3,0,501,2,1696404205
3,0,503,2,1696424087
3,0,504,2,1696498330
3,0,505,2,1696664719
3,0,507,2,1696765955
3,0,508,2,1696763872
3,0,509,2,1696770514
3,0,510,2,1696831779
3,0,511,2,1696918590
3,0,513,2,1696938828
3,0,514,2,1697008352
3,0,516,2,1697298873
3,0,517,2,1697345820
3,0,518,2,1697356745
3,0,519,2,1697374849
3,0,520,2,1697379090
3,0,521,2,1697462787
3,0,522,2,1701004732
3,0,524,2,1701608594
3,0,526,2,1701613427
3,0,527,2,1701623858
3,0,528,2,1701677960
3,0,529,2,1702321514
3,0,530,2,1702374143
3,0,533,2,1702383359
3,0,535,2,1702470169
3,0,536,2,1702476561
3,0,537,2,1702484511
3,0,538,2,1702494911
3,0,539,2,1702905067
3,0,541,2,1702917743
3,0,542,2,1702996310
3,0,543,2,1703057442
3,0,544,2,1703066901
3,0,545,2,1703101680
3,0,546,2,1703347975
3,0,547,2,1703405755
3,0,548,2,1703513343
3,0,549,2,1703938110
3,0,550,2,1703942697
3,0,551,2,1703957302
3,0,552,2,1704636704
3,0,553,2,1704711643
3,0,554,2,1704727280
3,0,555,2,1704736568
3,0,556,2,1704965991
3,0,559,2,1706535375
3,0,560,2,1707828913
3,0,561,2,1707833451
3,0,566,2,1708329872
3,0,567,2,1708938339
3,0,568,2,1708959066
3,0,569,2,1709028065
3,0,570,2,1709054687
3,0,571,2,1709454863
3,0,572,2,1709534806
3,0,574,2,1714287613
3,0,575,2,1714914822
3,0,576,2,1714922578
3,0,577,2,1714922264
3,0,578,2,1714925594
3,0,579,2,1715005060
3,0,580,2,1715016042
3,0,581,2,1715080010
3,0,582,2,1716036608
3,0,583,2,1716037357
3,0,584,2,1716053521
3,0,588,2,1716653369
3,0,589,2,1716657228
3,0,594,2,1716725883
3,0,596,2,1717938151
3,0,597,2,1717945355
3,0,599,2,1718085798
3,0,600,2,1718086298
3,0,602,2,1718103174
3,0,603,2,1718113783
3,0,604,2,1718117501
3,0,605,2,1718169762
3,0,610,2,1719665746
3,0,611,2,1719670451
3,0,613,2,1719811724
3,0,614,2,1719827427
3,0,615,2,1719829902
3,0,616,2,1722455021
3,0,617,2,1722497311
3,0,618,2,1722513890
3,0,619,2,1723916159
3,0,621,2,1725111424
3,0,622,2,1725114127
3,0,625,2,1725189070
3,0,627,2,1725194535
3,0,628,2,1725787261
3,0,631,2,1727096220
3,0,632,2,1727096909
3,0,633,2,1727108145
3,0,635,2,1727178730
3,0,637,2,1727187723
3,0,638,2,1727284453
3,0,639,2,1727285119
3,0,640,2,1727342826
3,0,642,2,1727630987
3,0,643,2,1727876345
3,0,644,2,1727936258
3,0,645,2,1728134738
3,0,646,2,1728212694
3,0,648,2,1728492401
3,0,649,2,1728569040
3,0,650,2,1728824847
3,0,652,2,1728900467
3,0,653,2,1728907762
3,0,654,2,1729005500
3,0,655,2,1729675770
3,0,656,2,1729678607
3,0,657,2,1729689572
3,0,658,1,1730189858
3,0,658,2,1730189858
3,0,659,1,1730205025
3,0,659,2,1730205025
4,0,1,2,1674985050
4,0,302,2,1674987827
4,0,303,2,1675059131
4,0,315,2,1675147732
4,0,317,2,1675165386
4,0,324,2,1675243647
4,0,326,2,1675318368
4,0,327,2,1675587631
4,0,328,2,1675599857
4,0,335,1,1675850529
4,0,335,2,1675850529
5,0,1,2,1674984668
5,0,315,2,1675147756
5,0,327,1,1675587664
5,0,327,2,1675587664
